{"cameraMode":{"drawMode":0,"name":"Shaded","section":"Shading Mode"},"sceneLighting":true,"audioPlay":false,"sceneViewState":{"showFog":true,"showMaterialUpdate":false,"showSkybox":true,"showFlares":true,"showImageEffects":true,"showParticleSystems":true},"in2DMode":false,"pivot":{"x":1.949838399887085,"y":2.8633999824523927,"z":-4.940034866333008},"rotation":{"x":-0.012314203195273877,"y":0.9780573844909668,"z":-0.06053047254681587,"w":-0.19897408783435822},"size":13.249716758728028,"orthographic":false}