{"cameraMode":{"drawMode":0,"name":"Shaded","section":"Shading Mode"},"sceneLighting":false,"audioPlay":false,"sceneViewState":{"showFog":true,"showMaterialUpdate":true,"showSkybox":true,"showFlares":true,"showImageEffects":true,"showParticleSystems":true},"in2DMode":false,"pivot":{"x":-1.5925662517547608,"y":1.2995778322219849,"z":1.0325077772140504},"rotation":{"x":0.12032907456159592,"y":-0.19376294314861298,"z":0.02395377680659294,"w":0.9733466506004334},"size":10.891837120056153,"orthographic":false}