{"cameraMode":{"drawMode":0,"name":"Shaded","section":"Shading Mode"},"sceneLighting":false,"audioPlay":false,"sceneViewState":{"showFog":true,"showMaterialUpdate":true,"showSkybox":true,"showFlares":true,"showImageEffects":true,"showParticleSystems":true},"in2DMode":false,"pivot":{"x":-0.9025341272354126,"y":0.7616851925849915,"z":1.172377109527588},"rotation":{"x":0.058434996753931048,"y":-0.03293750435113907,"z":0.0019290781347081066,"w":0.9977478384971619},"size":12.113138198852539,"orthographic":false}