{"cameraMode":{"drawMode":0,"name":"Shaded","section":"Shading Mode"},"sceneLighting":false,"audioPlay":false,"sceneViewState":{"showFog":true,"showMaterialUpdate":true,"showSkybox":true,"showFlares":true,"showImageEffects":true,"showParticleSystems":true},"in2DMode":false,"pivot":{"x":0.4875604212284088,"y":-0.5485560894012451,"z":1.054487943649292},"rotation":{"x":0.24895749986171723,"y":-0.05371946841478348,"z":0.013831386342644692,"w":0.9669255614280701},"size":9.256760597229004,"orthographic":false}